{
    "train_loss": [
        1.5887890091050143,
        1.40898194501629,
        1.3561992269451335,
        1.2974255429822847,
        1.2529477582812982,
        1.2211544353409676,
        1.1394455981119878,
        1.159311995263827,
        1.0974309543431815,
        1.056478006960982
    ],
    "train_acc": [
        26.214689265536723,
        38.4180790960452,
        39.09604519774011,
        44.293785310734464,
        43.954802259887,
        48.58757062146893,
        51.41242937853107,
        53.10734463276836,
        54.57627118644068,
        59.09604519774011
    ],
    "val_loss": [
        2.059152510134094,
        1.6425556275876647,
        4.594015875204796,
        1.676127402237178,
        4.0429262240237716,
        1.6072923265765067,
        1.8130212869879376,
        2.213969396903376,
        1.2476540338832702,
        2.52386775803272
    ],
    "val_acc": [
        41.25560538116592,
        23.318385650224215,
        33.63228699551569,
        37.66816143497758,
        41.70403587443946,
        34.08071748878924,
        32.28699551569507,
        49.327354260089685,
        48.87892376681614,
        45.2914798206278
    ],
    "epoch_time": [
        570.9703185558319,
        466.80891132354736,
        490.09325194358826,
        440.5884153842926,
        474.71907782554626,
        461.32012009620667,
        565.9112207889557,
        713.5481231212616,
        820.3377792835236,
        857.3245933055878
    ]
}