{
    "train_loss": [
        1.6043478787955592,
        1.5197956976917504,
        1.4261974096298218,
        1.3842305464933147,
        1.3251255991768702,
        1.2262746907896915,
        1.2122190148143446,
        1.1940637220770627,
        1.154488427356138,
        1.1041090819795254
    ],
    "train_acc": [
        22.937853107344633,
        29.943502824858758,
        38.87005649717514,
        38.4180790960452,
        44.51977401129943,
        48.92655367231639,
        49.03954802259887,
        51.07344632768361,
        54.23728813559322,
        55.25423728813559
    ],
    "val_loss": [
        31.666079384329073,
        1.7393289841878574,
        2.4295331266428857,
        2.3759544804491806,
        1.5220422440045618,
        1.4242744403035117,
        1.4157537339514146,
        1.3041574807979601,
        1.8234764652936448,
        1.4508215536451126
    ],
    "val_acc": [
        17.937219730941703,
        31.838565022421523,
        21.076233183856502,
        36.32286995515695,
        47.53363228699551,
        40.80717488789238,
        50.672645739910315,
        49.327354260089685,
        34.08071748878924,
        52.01793721973094
    ],
    "epoch_time": [
        120.43484139442444,
        113.78740859031677,
        124.80361413955688,
        121.94203472137451,
        129.65571784973145,
        131.42454648017883,
        126.28063559532166,
        130.38860940933228,
        122.35196161270142,
        119.70036101341248
    ]
}